ProductName,Prices,Description
"OnePlus Nord CE 3 Lite 5G (Pastel Lime, 128 GB)","₹19,566",8 GB RAM | 128 GB ROM17.07 cm (6.72 inch) Display108MP Rear Camera5000 mAh BatteryDomestic Warranty of 12 months on phone & 6 months on accessories
"SAMSUNG Galaxy F34 5G (Mystic Green, 128 GB)","₹18,499",8 GB RAM | 128 GB ROM | Expandable Upto 1 TB16.51 cm (6.5 inch) Full HD+ Display50MP (OIS) + 8MP + 2MP | 13MP Front Camera6000 mAh BatteryExynos 1280 Processor1 Year Manufacturer Warranty for Device and 6 Months Manufacturer Warranty for In-Box Accessories
"REDMI 12 5G (Moonstone Silver, 128 GB)","₹13,788",6 GB RAM | 128 GB ROM17.25 cm (6.79 inch) Display50MP Rear Camera5000 mAh Battery1 Year Domestic Warranty for Phone and 6 Months Warranty for In-Box Accessories
"REDMI 12 5G (Pastel Blue, 256 GB)","₹15,778",8 GB RAM | 256 GB ROM17.25 cm (6.79 inch) Display50MP Rear Camera5000 mAh Battery1 Year Manufacturer Warranty
"SAMSUNG Galaxy F34 5G (Electric Black, 128 GB)","₹18,499",8 GB RAM | 128 GB ROM | Expandable Upto 1 TB16.51 cm (6.5 inch) Full HD+ Display50MP (OIS) + 8MP + 2MP | 13MP Front Camera6000 mAh BatteryExynos 1280 Processor1 Year Manufacturer Warranty for Device and 6 Months Manufacturer Warranty for In-Box Accessories
"REDMI 12 5G (Moonstone Silver, 256 GB)","₹15,647",8 GB RAM | 256 GB ROM17.25 cm (6.79 inch) Display50MP Rear Camera5000 mAh Battery1 Year Manufacturer Warranty
"REDMI Note 12 5G (Matte Black, 128 GB)","₹15,499",4 GB RAM | 128 GB ROM | Expandable Upto 1 TB16.94 cm (6.67 inch) Full HD+ AMOLED Display48MP + 8MP + 2MP | 13MP Front Camera5000 mAh BatteryQualcomm Snapdragon 4 Gen 1 Processor1 Year Manufacturer Warranty for Phone and 6 Months Warranty for In the Box Accessories
"SAMSUNG Galaxy F34 5G (Orchid Violet, 128 GB)","₹18,499",8 GB RAM | 128 GB ROM | Expandable Upto 1 TB16.51 cm (6.5 inch) Full HD+ Display50MP (OIS) + 8MP + 2MP | 13MP Front Camera6000 mAh BatteryExynos 1280 Processor1 Year Manufacturer Warranty for Device and 6 Months Manufacturer Warranty for In-Box Accessories
"REDMI 12 5G (Jade Black, 256 GB)","₹15,635",8 GB RAM | 256 GB ROM17.25 cm (6.79 inch) Display50MP Rear Camera5000 mAh Battery1 Year Manufacturer Warranty
"REDMI Note 12 5G (Frosted Green, 128 GB)","₹15,499",4 GB RAM | 128 GB ROM | Expandable Upto 1 TB16.94 cm (6.67 inch) Full HD+ AMOLED Display48MP + 8MP + 2MP | 13MP Front Camera5000 mAh BatteryQualcomm Snapdragon 4 Gen 1 Processor1 Year Manufacturer Warranty for Phone and 6 Months Warranty for In the Box Accessories
"SAMSUNG Galaxy M34 5G without charger (Prism Silver, 128 GB)","₹16,473",6 GB RAM | 128 GB ROM16.51 cm (6.5 inch) Display50MP Rear Camera6000 mAh BatteryDomestic 1 Year of Device & 6 Months for In-Box Accessories
"OnePlus Nord CE 2 Lite 5G (Black Dusk, 128 GB)","₹16,949",6 GB RAM | 128 GB ROM16.74 cm (6.59 inch) Display64MP Rear Camera | 16MP Front Camera5000 mAh Battery12 months
"POCO X5 Pro 5G (Yellow, 128 GB)","₹17,999",6 GB RAM | 128 GB ROM16.94 cm (6.67 inch) Full HD+ Display108MP + 8MP + 2MP | 16MP Front Camera5000 mAh BatteryQualcomm Snapdragon 778G Processor1 Year Manufacturer Warranty for Phone and 6 Months Warranty for in the Box Accessories
"REDMI Note 12 5G (Sunrise Gold, 128 GB)","₹16,999",6 GB RAM | 128 GB ROM | Expandable Upto 1 TB16.94 cm (6.67 inch) Full HD+ AMOLED Display48MP + 8MP + 2MP | 13MP Front Camera5000 mAh BatteryQualcomm Snapdragon 4 Gen 1 Processor1 Year Manufacturer Warranty for Phone and 6 Months Warranty for In the Box Accessories
"SAMSUNG Galaxy M14 5G (Icy Silver, 128 GB)","₹13,518",6 GB RAM | 128 GB ROM16.76 cm (6.6 inch) Display50MP Rear Camera6000 mAh Battery1 year
"REDMI Note 12 5G (Frosted Green, 128 GB)","₹16,999",6 GB RAM | 128 GB ROM | Expandable Upto 1 TB16.94 cm (6.67 inch) Full HD+ AMOLED Display48MP + 8MP + 2MP | 13MP Front Camera5000 mAh BatteryQualcomm Snapdragon 4 Gen 1 Processor1 Year Manufacturer Warranty for Phone and 6 Months Warranty for In the Box Accessories
"OPPO A78 5G (Glowing Black, 128 GB)","₹18,999",8 GB RAM | 128 GB ROM16.66 cm (6.56 inch) HD+ Display50MP + 2MP | 8MP Front Camera5000 mAh Battery6833 Processor1 Year Manufacturer Warranty for Phone and 6 Months Warranty for In the Box Accessories
"OPPO A78 5G (Glowing Blue, 128 GB)","₹18,999",8 GB RAM | 128 GB ROM16.66 cm (6.56 inch) HD+ Display50MP + 2MP | 8MP Front Camera5000 mAh Battery6833 Processor1 Year Manufacturer Warranty for Phone and 6 Months Warranty for In the Box Accessories
"REDMI Note 12 5G (Frosted Green, 256 GB)","₹18,999",8 GB RAM | 256 GB ROM | Expandable Upto 1 TB16.94 cm (6.67 inch) Full HD+ AMOLED Display48MP + 8MP + 2MP | 13MP Front Camera5000 mAh BatteryQualcomm Snapdragon 4 Gen 1 Processor1 Year Manufacturer Warranty for Phone and 6 Months Warranty for In the Box Accessories
"MOTOROLA g54 5G (Midnight Blue, 256 GB)","₹15,999",12 GB RAM | 256 GB ROM | Expandable Upto 1 TB16.51 cm (6.5 inch) Full HD+ Display50MP (OIS) + 8MP | 16MP Front Camera6000 mAh BatteryDimensity 7020 Processor1 Year on Handset and 6 Months on Accessories
"MOTOROLA g84 5G (Marshmallow Blue, 256 GB)","₹18,999",12 GB RAM | 256 GB ROM16.64 cm (6.55 inch) Full HD+ Display50MP (OIS) + 8MP | 16MP Front Camera5000 mAh BatterySnapdragon 695 Processor1 Year on Handset and 6 Months on Accessories
"SAMSUNG Galaxy M14 5G (Berry Blue, 128 GB)","₹13,198",6 GB RAM | 128 GB ROM16.76 cm (6.6 inch) Display50MP Rear Camera6000 mAh Battery1 year for handset and 6 month for accessories
"SAMSUNG Galaxy M34 5G (Waterfall Blue, 128 GB)","₹16,395",6 GB RAM | 128 GB ROM16.51 cm (6.5 inch) Display50MP Rear Camera6000 mAh BatteryDomestic 1 Year of Device & 6 Months for In-Box Accessories
"OnePlus Nord CE 3 Lite 5G (Chromatic Gray, 128 GB)","₹19,743",8 GB RAM | 128 GB ROM17.07 cm (6.72 inch) Display108MP Rear Camera5000 mAh BatteryDomestic Warranty of 12 months on phone & 6 months on accessories
"REDMI Note 12 5G (Mystique Blue, 256 GB)","₹18,999",8 GB RAM | 256 GB ROM | Expandable Upto 1 TB16.94 cm (6.67 inch) Full HD+ AMOLED Display48MP + 8MP + 2MP | 13MP Front Camera5000 mAh BatteryQualcomm Snapdragon 4 Gen 1 Processor1 Year Manufacturer Warranty for Phone and 6 Months Warranty for In the Box Accessories
"SAMSUNG Galaxy A14 5G (Black, 128 GB)","₹16,999",6 GB RAM | 128 GB ROM | Expandable Upto 1 TB16.76 cm (6.6 inch) HD+ Display50MP + 2MP | 13MP Front Camera5000 mAh Lithium Ion BatterySEC S5E8535 (Exynos 1330) Processor1 Year Manufacturer Warranty for Device and 6 Months Manufacturer Warranty for In-Box Accessories
"vivo Y56 5G (Black Engine, 128 GB)","₹17,999",8 GB RAM | 128 GB ROM16.71 cm (6.58 inch) Full HD+ Display50MP + 2MP | 16MP Front Camera5000 mAh BatteryMediatek Dimensity 700 Processor1 Year Manufacturer Warranty for Handset and 6 Months Manufacturer Warranty for In-Box Accessories
"Micromax IN Note 1 (Green, 128 GB)","₹16,999",4 GB RAM | 128 GB ROM | Expandable Upto 256 GB16.94 cm (6.67 inch) Full HD+ Display48MP + 5MP + 2MP + 2MP | 16MP Front Camera5000 mAh Li-Polymer BatteryMediaTek Helio G85 (MT6769V/CZ) ProcessorBrand Warranty of 1 Year Available for Mobile and 6 Months for Accessories
"SAMSUNG Galaxy A14 5G (Black, 128 GB)","₹18,999",8 GB RAM | 128 GB ROM | Expandable Upto 1 TB16.76 cm (6.6 inch) HD+ Display50MP + 2MP | 13MP Front Camera5000 mAh Lithium Ion BatterySEC S5E8535 (Exynos 1330) Processor1 Year Manufacturer Warranty for Device and 6 Months Manufacturer Warranty for In-Box Accessories
"SAMSUNG Galaxy M34 5G without charger (Prism Silver, 128 GB)","₹16,473",6 GB RAM | 128 GB ROM16.51 cm (6.5 inch) Display50MP Rear Camera6000 mAh BatteryDomestic 1 Year of Device & 6 Months for In-Box Accessories
"REDMI Note 12 5G (Matte Black, 128 GB)","₹16,999",6 GB RAM | 128 GB ROM | Expandable Upto 1 TB16.94 cm (6.67 inch) Full HD+ AMOLED Display48MP + 8MP + 2MP | 13MP Front Camera5000 mAh BatteryQualcomm Snapdragon 4 Gen 1 Processor1 Year Manufacturer Warranty for Phone and 6 Months Warranty for In the Box Accessories
"REDMI Note 12 5G (Matte Black, 256 GB)","₹18,999",8 GB RAM | 256 GB ROM | Expandable Upto 1 TB16.94 cm (6.67 inch) Full HD+ AMOLED Display48MP + 8MP + 2MP | 13MP Front Camera5000 mAh BatteryQualcomm Snapdragon 4 Gen 1 Processor1 Year Manufacturer Warranty for Phone and 6 Months Warranty for In the Box Accessories
"IQOO Z7s 5G (Norway Blue, 128 GB)","₹17,480",6 GB RAM | 128 GB ROM16.21 cm (6.38 inch) Display64MP Rear Camera4500 mAh BatteryDomestic 1 Year on Handset and 6 Months on Accessories
"SAMSUNG Galaxy M34 5G (Waterfall Blue, 128 GB)","₹19,644",8 GB RAM | 128 GB ROM16.51 cm (6.5 inch) Display50MP Rear Camera6000 mAh BatteryDomestic 1 Year of Device & 6 Months for In-Box Accessories
"SAMSUNG Galaxy M34 5G (Waterfall Blue, 128 GB)","₹16,395",6 GB RAM | 128 GB ROM16.51 cm (6.5 inch) Display50MP Rear Camera6000 mAh BatteryDomestic 1 Year of Device & 6 Months for In-Box Accessories
"vivo Y56 5G (Orange Shimmer, 128 GB)","₹15,999",4 GB RAM | 128 GB ROM16.71 cm (6.58 inch) Full HD+ Display50MP + 2MP | 16MP Front Camera5000 mAh BatteryMediatek Dimensity 700 Processor1 Year Manufacturer Warranty for Handset and 6 Months Manufacturer Warranty for In-Box Accessories
"vivo Y56 5G (Black Engine, 128 GB)","₹15,999",4 GB RAM | 128 GB ROM16.71 cm (6.58 inch) Full HD+ Display50MP + 2MP | 16MP Front Camera5000 mAh BatteryMediatek Dimensity 700 Processor1 Year Manufacturer Warranty for Handset and 6 Months Manufacturer Warranty for In-Box Accessories
"vivo Y02t (Sunset Gold, 64 GB)","₹8,499",4 GB RAM | 64 GB ROM16.54 cm (6.51 inch) HD+ Display8MP Rear Camera | 5MP Front Camera5000 mAh BatteryHelio P35 Processor1 Year Handset and 6 Months Accessories
"IQOO Z6 Lite 5G (With Charger) (Mystic Night, 128 GB)","₹14,295",6 GB RAM | 128 GB ROM16.97 cm (6.68 inch) Display50MP Rear Camera5000 mAh Battery1 Year
"MOTOROLA g54 5G (Midnight Blue, 256 GB)","₹15,999",12 GB RAM | 256 GB ROM | Expandable Upto 1 TB16.51 cm (6.5 inch) Full HD+ Display50MP (OIS) + 8MP | 16MP Front Camera6000 mAh BatteryDimensity 7020 Processor1 Year on Handset and 6 Months on Accessories
"MOTOROLA g84 5G (Midnight Blue, 256 GB)","₹18,999",12 GB RAM | 256 GB ROM16.64 cm (6.55 inch) Full HD+ Display50MP (OIS) + 8MP | 16MP Front Camera5000 mAh BatterySnapdragon 695 Processor1 Year on Handset and 6 Months on Accessories
"SAMSUNG Galaxy M14 5G (Icy Silver, 128 GB)","₹13,188",6 GB RAM | 128 GB ROM16.76 cm (6.6 inch) Display50MP Rear Camera6000 mAh Battery1 year
"vivo Y56 5G (Orange Shimmer, 128 GB)","₹17,999",8 GB RAM | 128 GB ROM16.71 cm (6.58 inch) Full HD+ Display50MP + 2MP | 16MP Front Camera5000 mAh BatteryMediatek Dimensity 700 Processor1 Year Manufacturer Warranty for Handset and 6 Months Manufacturer Warranty for In-Box Accessories
"OPPO A78 (Mist Black, 128 GB)","₹15,499",8 GB RAM | 128 GB ROM16.33 cm (6.43 inch) Full HD+ AMOLED Display50MP + 2MP | 8MP Front Camera5000 mAh BatterySnapdragon 680 Processor1 Year Manufacturer Warranty for Phone and 6 Months Warranty for In the Box Accessories
"vivo Y100 5G (Metal Black, 128 GB)","₹29,999",8 GB RAM | 128 GB ROM16.21 cm (6.38 inch) Full HD+ AMOLED Display64MP (OIS) + 2MP + 2MP | 16MP Front Camera4500 mAh BatteryMediatek Dimensity 900 Processor1 Year Manufacturer Warranty for Handset and 6 Months Manufacturer Warranty for In-Box Accessories
"IQOO Z7S 5G (Pacific Night, 128 GB)","₹18,648","8 GB RAM | 128 GB ROM16.26 cm (6.4 inch) Display64MP Rear Camera4500 mAh Battery1 Year for  handset ,6 months for accessories"
"IQOO Z7S 5G (Norway Blue, 128 GB)","₹18,519","8 GB RAM | 128 GB ROM16.26 cm (6.4 inch) Display64MP Rear Camera4500 mAh Battery1 Year for  handset ,6 months for accessories"
"SAMSUNG Galaxy A14 5G (Dark Red, 128 GB)","₹16,999",6 GB RAM | 128 GB ROM | Expandable Upto 1 TB16.76 cm (6.6 inch) HD+ Display50MP + 2MP | 13MP Front Camera5000 mAh Lithium Ion BatterySEC S5E8535 (Exynos 1330) Processor1 Year Manufacturer Warranty for Device and 6 Months Manufacturer Warranty for In-Box Accessories
"REDMI 12 5G (Pastel Blue, 128 GB)","₹12,190",4 GB RAM | 128 GB ROM17.25 cm (6.79 inch) Display50MP Rear Camera5000 mAh Battery1 Year Manufacturer Warranty
"Tecno Camon 19 Pro Multi-Colour Changing Back-Panel (Mondrian, 128 GB)","₹14,990",8 GB RAM | 128 GB ROM | Expandable Upto 512 GB17.27 cm (6.8 inch) Full HD+ Display64MP + 50MP + 2MP | 32MP Front Camera5000 mAh BatteryMediatek MT6781 Helio G96 ProcessorDomestic Warranty of 12 Months on Phone & 6 Months on Accessories
"OPPO A79 5G (Mystery Black, 128 GB)","₹19,999","8 GB RAM | 128 GB ROM | Expandable Upto 1 TB17.07 cm (6.72 inch) Full HD+ DisplayRear Camera: 50MP AI Camera, 2MP Portrait Camera Front Camera: 8MP Selfie Camera | 8MP Front Camera5000 mAh Lithium Polymer BatteryMediatek Dimensity 6020 ProcessorBefore going on the market, the product has gone through 6 tests, namely drop, anti-splash, radiation, weather, slight drop, and signal tests, and 5 safety protection steps, namely durability, fire and flame retardant, temperature protection, noise safety, and battery protection. 50-plus production-related checks, 130-plus ultra-stringent reliability tests, and 320-plus comprehensive testing processes, just to provide OPPO enduring craftsmanship and quality.[1-Meter Directional Drop Test][150-Circle Tumbling Test][14,000 Micro-Drop Test][Water-Spray Test][1,000 25Kg Soft Pressure Tests][Stress Bending Test][500,000 On Button Press Tests][20,000 USB Plug/Unplug Tests][65°C 95%RH 168H High Temperature and High Humidity Test][100,000-Plus Rigorous Quality Tests]* The data here refers to laboratory test data only and is not intended for quality assurance in daily use. The actual situation will be slightly different due to different test software versions, test environments, and versions.12 Months on Handset and 6 Months on Adapter & Cable"
"OPPO A79 5G (Glowing Green, 128 GB)","₹19,999","8 GB RAM | 128 GB ROM | Expandable Upto 1 TB17.07 cm (6.72 inch) Full HD+ DisplayRear Camera: 50MP AI Camera, 2MP Portrait Camera Front Camera: 8MP Selfie Camera | 8MP Front Camera5000 mAh Lithium Polymer BatteryMediatek Dimensity 6020 ProcessorBefore going on the market, the product has gone through 6 tests, namely drop, anti-splash, radiation, weather, slight drop, and signal tests, and 5 safety protection steps, namely durability, fire and flame retardant, temperature protection, noise safety, and battery protection. 50-plus production-related checks, 130-plus ultra-stringent reliability tests, and 320-plus comprehensive testing processes, just to provide OPPO enduring craftsmanship and quality.
[1-Meter Directional Drop Test]
[150-Circle Tumbling Test]
[14,000 Micro-Drop Test]
[Water-Spray Test]
[1,000 25Kg Soft Pressure Tests]
[Stress Bending Test]
[500,000 On Button Press Tests]
[20,000 USB Plug/Unplug Tests]
[65°C 95%RH 168H High Temperature and High Humidity Test]
[100,000-Plus Rigorous Quality Tests]
* The data here refers to laboratory test data only and is not intended for quality assurance in daily use. The actual situation will be slightly different due to different test software versions, test environments, and versions.12 Months on Handset and 6 Months on Adapter & Cable"
"realme Narzo 60 5G (?Cosmic Black, 128 GB)","₹17,743",8 GB RAM | 128 GB ROM16.33 cm (6.43 inch) Display64MP Rear Camera5000 mAh BatteryDomestic 1 Year of Device & 6 Months for In-Box Accessories
"realme Narzo 60 5G (Mars Orange, 128 GB)","₹17,399",8 GB RAM | 128 GB ROM16.33 cm (6.43 inch) Display64MP Rear Camera5000 mAh BatteryDomestic 1 Year of Device & 6 Months for In-Box Accessories
"OPPO F21s Pro (Dawnlight Gold, 128 GB)","₹19,950",8 GB RAM | 128 GB ROM16.33 cm (6.43 inch) Full HD+ Display64MP + 2MP + 2MP | 32MP Front Camera4500 mAh BatterySnapdragon 680 Processor1 Year Manufacturer Warranty for Phone and 6 Months Warranty for In the Box Accessories
"realme Narzo 60X 5G (Stellar Green, 128 GB)","₹14,870",6 GB RAM | 128 GB ROM17.07 cm (6.72 inch) Display50MP Rear Camera5000 mAh BatteryDomestic Warranty 1 Year For Handset and 6 Months For Accessories.
"SAMSUNG Galaxy M34 5G without charger (Midnight Blue, 128 GB)","₹19,801",8 GB RAM | 128 GB ROM16.51 cm (6.5 inch) Display50MP Rear Camera6000 mAh BatteryDomestic 1 Year of Device & 6 Months for In-Box Accessories
"SAMSUNG Galaxy M34 5G without charger (Prism Silver, 128 GB)","₹19,981",8 GB RAM | 128 GB ROM16.51 cm (6.5 inch) Display50MP Rear Camera6000 mAh BatteryDomestic 1 Year of Device & 6 Months for In-Box Accessories
"OPPO A78 (Aqua Green, 128 GB)","₹15,499",8 GB RAM | 128 GB ROM16.33 cm (6.43 inch) Full HD+ AMOLED Display50MP + 2MP | 8MP Front Camera5000 mAh BatterySnapdragon 680 Processor1 Year Manufacturer Warranty for Phone and 6 Months Warranty for In the Box Accessories
"SAMSUNG Galaxy A23 (Black, 128 GB)","₹18,499",6 GB RAM | 128 GB ROM | Expandable Upto 1 TB16.76 cm (6.6 inch) Full HD+ Display50MP Rear Camera | 8MP Front Camera5000 mAh Li-Ion BatteryOcta-core(EXYNOS) Processor1 year manufacturer warranty for device and 6 months manufacturer warranty for in-box
"REDMI Note 12 5G (Mystique Blue, 128 GB)","₹16,999",6 GB RAM | 128 GB ROM | Expandable Upto 1 TB16.94 cm (6.67 inch) Full HD+ AMOLED Display48MP + 8MP + 2MP | 13MP Front Camera5000 mAh BatteryQualcomm Snapdragon 4 Gen 1 Processor1 Year Manufacturer Warranty for Phone and 6 Months Warranty for In the Box Accessories
"OPPO F21s Pro (Starlight Black, 128 GB)","₹19,390",8 GB RAM | 128 GB ROM16.33 cm (6.43 inch) Full HD+ Display64MP + 2MP + 2MP | 32MP Front Camera4500 mAh BatterySnapdragon 680 Processor1 Year Manufacturer Warranty for Phone and 6 Months Warranty for In the Box Accessories
"SAMSUNG Galaxy A14 5G (Dark Red, 128 GB)","₹18,999",8 GB RAM | 128 GB ROM | Expandable Upto 1 TB16.76 cm (6.6 inch) HD+ Display50MP + 2MP | 13MP Front Camera5000 mAh Lithium Ion BatterySEC S5E8535 (Exynos 1330) Processor1 Year Manufacturer Warranty for Device and 6 Months Manufacturer Warranty for In-Box Accessories
"SAMSUNG Galaxy F13 (Sunrise Copper, 128 GB)","₹9,199",4 GB RAM | 128 GB ROM | Expandable Upto 1 TB16.76 cm (6.6 inch) Full HD+ Display50MP + 5MP + 2MP | 8MP Front Camera6000 mAh Lithium Ion BatteryExynos 850 Processor1 Year Warranty Provided By the Manufacturer from Date of Purchase
"IQOO Z7s 5G (?Pacific Night, 128 GB)","₹16,990",6 GB RAM | 128 GB ROM16.21 cm (6.38 inch) Display64MP Rear Camera4500 mAh BatteryDomestic 1 Year on Handset and 6 Months on Accessories
"REDMI Note 11 (Horizon Blue, 64 GB)","₹11,999",4 GB RAM | 64 GB ROM16.33 cm (6.43 inch) Display50MP Rear Camera5000 mAh Battery1 Year Warranty
"Infinix Zero 5G 2023 TURBO (Submariner Black, 256 GB)","₹17,999",8 GB RAM | 256 GB ROM | Expandable Upto 256 GB17.22 cm (6.78 inch) Full HD+ Display50MP + 2MP + 2MP | 16MP Front Camera5000 mAh Lithium-ion Polymer BatteryMediatek Dimensity 1080 Processor1 Year on Handset and 6 Months on Accessories
"vivo Y27 (Burgundy Black, 128 GB)","₹12,999",6 GB RAM | 128 GB ROM16.87 cm (6.64 inch) Full HD+ Display50MP + 2MP | 8MP Front Camera5000 mAh BatteryHelio G85 Processor1 Year Manufacturer Warranty for Phone and 6 Months Warranty for In the Box Accessories
"SAMSUNG GALAXY M13 (Stardust Brown, 128 GB)","₹12,040",6 GB RAM | 128 GB ROM16.76 cm (6.6 inch) Display50MP Rear Camera6000 mAh Battery12 Months Warranty
"OPPO F21 Pro (Sunset Orange, 128 GB)","₹18,350",8 GB RAM | 128 GB ROM16.33 cm (6.43 inch) Display64MP Rear Camera | 32MP Front Camera4500 mAh Battery12 months
"OPPO A96 (Starry Black, 128 GB)","₹15,990",8 GB RAM | 128 GB ROM16.74 cm (6.59 inch) Full HD+ Display50MP + 2MP | 16MP Front Camera5000 mAh Lithium Ion BatteryQualcomm Snapdragon 680 Processor1 Year Manufacturer Warranty for Device and 6 months Manufacturer Warranty for In-Box Accessories from Date of Purchase
"REDMI Note 12 5G (Sunrise Gold, 256 GB)","₹18,999",8 GB RAM | 256 GB ROM | Expandable Upto 1 TB16.94 cm (6.67 inch) Full HD+ AMOLED Display48MP + 8MP + 2MP | 13MP Front Camera5000 mAh BatteryQualcomm Snapdragon 4 Gen 1 Processor1 Year Manufacturer Warranty for Phone and 6 Months Warranty for In the Box Accessories
"vivo Y36 (Vibrant Gold, 128 GB)","₹14,999",8 GB RAM | 128 GB ROM16.87 cm (6.64 inch) Full HD+ Display50MP + 2MP | 16MP Front Camera5000 mAh BatterySnapdragon 680 Processor1 Year Manufacturer Warranty for Phone and 6 Months Warranty for In the Box Accessories
"OPPO A96 (Sunset Blue, 128 GB)","₹16,990",8 GB RAM | 128 GB ROM16.74 cm (6.59 inch) Full HD+ Display50MP + 2MP | 16MP Front Camera5000 mAh Lithium Ion BatteryQualcomm Snapdragon 680 Processor1 Year Manufacturer Warranty for Device and 6 months Manufacturer Warranty for In-Box Accessories from Date of Purchase
"Infinix Zero 5G 2023 TURBO (Coral Orange, 256 GB)","₹17,999",8 GB RAM | 256 GB ROM | Expandable Upto 256 GB17.22 cm (6.78 inch) Full HD+ Display50MP + 2MP + 2MP | 16MP Front Camera5000 mAh Lithium-ion Polymer BatteryMediatek Dimensity 1080 Processor1 Year on Handset and 6 Months on Accessories
"POCO M4 Pro (Power Black, 128 GB)","₹17,999","8 GB RAM | 128 GB ROM | Expandable Upto 1 TB16.33 cm (6.43 inch) Full HD+ AMOLED Display64MP + 8MP + 2MP | 16MP Front Camera5000 mAh Lithium-ion Polymer BatteryMediatek Helio G96 ProcessorOne Year for Handset, 6 Months for Accessories"
"vivo Y35 (Agate Black, 128 GB)","₹16,999",8 GB RAM | 128 GB ROM16.71 cm (6.58 inch) Full HD+ Display50MP + 2MP + 2MP | 16MP Front Camera5000 mAh Lithium BatteryQualcomm Snapdragon 680 Processor1 Year of Device & 6 Months for In-Box Accessories
"SAMSUNG Galaxy F23 5G (Copper Blush, 128 GB)","₹18,499",6 GB RAM | 128 GB ROM | Expandable Upto 1 TB16.76 cm (6.6 inch) Full HD+ Display50MP + 8MP + 2MP | 8MP Front Camera5000 mAh Lithium Ion BatteryQualcomm Snapdragon 750G Processor1 Year Warranty Provided by the Manufacturer from Date of Purchase
"Infinix Zero 5G 2023 TURBO (Pearly White, 256 GB)","₹17,999",8 GB RAM | 256 GB ROM | Expandable Upto 256 GB17.22 cm (6.78 inch) Full HD+ Display50MP + 2MP + 2MP | 16MP Front Camera5000 mAh Lithium-ion Polymer BatteryMediatek Dimensity 1080 Processor1 Year on Handset and 6 Months on Accessories
"Micromax IN Note 1 (White, 64 GB)","₹10,699",4 GB RAM | 64 GB ROM | Expandable Upto 256 GB16.94 cm (6.67 inch) Full HD+ Display48MP + 5MP + 2MP + 2MP | 16MP Front Camera5000 mAh Li-Polymer BatteryMediaTek Helio G85 (MT6769V/CZ) ProcessorBrand Warranty of 1 Year Available for Mobile and 6 Months for Accessories
"Infinix Note 11s Free Fire Edition (Mithril Grey, 128 GB)","₹15,999",8 GB RAM | 128 GB ROM | Expandable Upto 512 GB17.65 cm (6.95 inch) Full HD+ Display50 MP + 2 MP Depth Lens + 2 MP Macro Lens | 16MP Front Camera5000 mAh Li-ion Polymer BatteryMediaTek Helio G96 Processor1 Year on Handset and 6 Months on Accessories
"Tecno Camon20 Predawn 64MP Rear Camera (Predawn Black, 256 GB)","₹14,498",8 GB RAM | 256 GB ROM | Expandable Upto 1 TB16.94 cm (6.67 inch) Full HD+ Display64MP + 2MP | 32MP Front Camera5000 mAh BatteryMediatek MT6769Z Helio G85 ProcessorDomestic Warranty 1 Year For Handset And 6 Month For Accessories.
"vivo Y27 (Garden Green, 128 GB)","₹12,999",6 GB RAM | 128 GB ROM16.87 cm (6.64 inch) Full HD+ Display50MP + 2MP | 8MP Front Camera5000 mAh BatteryHelio G85 Processor1 Year Manufacturer Warranty for Phone and 6 Months Warranty for In the Box Accessories
"IQOO Z7s 5G (Norway Blue, 128 GB)","₹17,554",6 GB RAM | 128 GB ROM16.21 cm (6.38 inch) Display64MP Rear Camera4500 mAh BatteryDomestic 1 Year on Handset and 6 Months on Accessories
"REDMI Note 12 5G (Sunrise Gold, 128 GB)","₹15,499",4 GB RAM | 128 GB ROM | Expandable Upto 1 TB16.94 cm (6.67 inch) Full HD+ AMOLED Display48MP + 8MP + 2MP | 13MP Front Camera5000 mAh BatteryQualcomm Snapdragon 4 Gen 1 Processor1 Year Manufacturer Warranty for Phone and 6 Months Warranty for In the Box Accessories
"vivo Y22 (Starlit Blue, 64 GB)","₹11,438",4 GB RAM | 64 GB ROM | Expandable Upto 1 TB16.64 cm (6.55 inch) HD+ Display50MP + 2MP | 8MP Front Camera5000 mAh Lithium BatteryMediatek Helio G70 Processor1 Year of Device & 6 Months for In-Box Accessories
"vivo Y35 (Dawn Gold, 128 GB)","₹16,999",8 GB RAM | 128 GB ROM16.71 cm (6.58 inch) Full HD+ Display50MP + 2MP + 2MP | 16MP Front Camera5000 mAh Lithium BatteryQualcomm Snapdragon 680 Processor1 Year of Device & 6 Months for In-Box Accessories
"SAMSUNG Galaxy F23 5G (Aqua Blue, 128 GB)","₹18,499",6 GB RAM | 128 GB ROM | Expandable Upto 1 TB16.76 cm (6.6 inch) Full HD+ Display50MP + 8MP + 2MP | 8MP Front Camera5000 mAh Lithium Ion BatteryQualcomm Snapdragon 750G Processor1 Year Warranty Provided by the Manufacturer from Date of Purchase
"vivo Y22 (Metaverse Green, 128 GB)","₹12,413",4 GB RAM | 128 GB ROM | Expandable Upto 1 TB16.64 cm (6.55 inch) HD+ Display50MP + 2MP | 8MP Front Camera5000 mAh Lithium BatteryMediatek Helio G70 Processor1 Year of Device & 6 Months for In-Box Accessories
"vivo Y22 (Starlit Blue, 128 GB)","₹15,499",6 GB RAM | 128 GB ROM | Expandable Upto 1 TB16.64 cm (6.55 inch) HD+ Display50MP + 2MP | 8MP Front Camera5000 mAh Lithium BatteryMediatek Helio G70 Processor1 Year of Device & 6 Months for In-Box Accessories
"SAMSUNG Galaxy A14 5G (Light Green, 128 GB)","₹18,999",8 GB RAM | 128 GB ROM | Expandable Upto 1 TB16.76 cm (6.6 inch) HD+ Display50MP + 2MP | 13MP Front Camera5000 mAh Lithium Ion BatterySEC S5E8535 (Exynos 1330) Processor1 Year Manufacturer Warranty for Device and 6 Months Manufacturer Warranty for In-Box Accessories
"vivo Y21 (Diamond Glow, 64 GB)","₹12,600",4 GB RAM | 64 GB ROM | Expandable Upto 1 TB16.54 cm (6.51 inch) HD+ Display13MP + 2MP | 8MP Front Camera5000 mAh Lithium BatteryMediatek Helio P35 Processor1 Year Warranty for Handset and 6 Months for In-box Accessories
"POCO M2 Pro (Green and Greener, 64 GB)","₹10,489","4 GB RAM | 64 GB ROM | Expandable Upto 512 GB16.94 cm (6.67 inch) Full HD+ Display48MP + 8MP + 5MP + 2MP | 16MP Front Camera5000 mAh Lithium-ion Polymer BatteryQualcomm Snapdragon 720G Processor1 Year for Handset, 6 Months for Accessories"
"OPPO A77 (Sunset Orange, 128 GB)","₹13,999",4 GB RAM | 128 GB ROM | Expandable Upto 1 TB16.66 cm (6.56 inch) HD+ Display50MP + 2MP | 8MP Front Camera5000 mAh Lithium-ion Polymer BatteryMediatek Helio G35 Processor1 Year on Handset and 6 Months on Accessories
"SAMSUNG Galaxy M34 5G without charger (Midnight Blue, 128 GB)","₹16,473",6 GB RAM | 128 GB ROM16.51 cm (6.5 inch) Display50MP Rear Camera6000 mAh BatteryDomestic 1 Year of Device & 6 Months for In-Box Accessories
"REDMI Note 11S (Horizon Blue, 128 GB)","₹16,499",6 GB RAM | 128 GB ROM16.33 cm (6.43 inch) Display108MP Rear Camera5000 mAh Battery1 Year Warranty
"SAMSUNG Galaxy F23 5G (Aqua Blue, 128 GB)","₹18,499",6 GB RAM | 128 GB ROM | Expandable Upto 1 TB16.76 cm (6.6 inch) Full HD+ Display50MP + 8MP + 2MP | 8MP Front Camera5000 mAh Lithium Ion BatteryQualcomm Snapdragon 750G Processor1 Year Warranty Provided by the Manufacturer from Date of Purchase
"SAMSUNG Galaxy F23 5G (Copper Blush, 128 GB)","₹18,499",6 GB RAM | 128 GB ROM | Expandable Upto 1 TB16.76 cm (6.6 inch) Full HD+ Display50MP + 8MP + 2MP | 8MP Front Camera5000 mAh Lithium Ion BatteryQualcomm Snapdragon 750G Processor1 Year Warranty Provided by the Manufacturer from Date of Purchase
"vivo Y22 (Metaverse Green, 128 GB)","₹14,999",6 GB RAM | 128 GB ROM | Expandable Upto 1 TB16.64 cm (6.55 inch) HD+ Display50MP + 2MP | 8MP Front Camera5000 mAh Lithium BatteryMediatek Helio G70 Processor1 Year of Device & 6 Months for In-Box Accessories
"SAMSUNG Galaxy A14 (Silver, 64 GB)","₹12,999","4 GB RAM | 64 GB ROM | Expandable Upto 1 TB16.76 cm (6.6 inch) Full HD+ Display50MP + 5MP + 2MP | 13MP Front Camera5000 mAh BatteryExynos 850, Octa Core Processor1 Year Manufacturer Warranty for Device and 6 Months Manufacturer Warranty for In-Box Accessories"
"SAMSUNG Galaxy F23 5G (Forest Green, 128 GB)","₹17,499",4 GB RAM | 128 GB ROM | Expandable Upto 1 TB16.76 cm (6.6 inch) Full HD+ Display50MP + 8MP + 2MP | 8MP Front Camera5000 mAh Lithium Ion BatteryQualcomm Snapdragon 750G Processor1 Year Warranty Provided by the Manufacturer from Date of Purchase
"Mi 11 Lite (Vinyl Black, 128 GB)","₹15,999",8 GB RAM | 128 GB ROM | Expandable Upto 512 GB16.64 cm (6.55 inch) Full HD+ Display64MP + 8MP + 5MP | 16MP Front Camera4250 mAh Li-Polymer BatteryQualcomm Snapdragon 732G Processor1 Year Manufacturer Warranty for Handset and 6 Months Warranty for In the Box Accessories
"SAMSUNG Galaxy F42 5G (Matte Aqua, 128 GB)","₹15,785",6 GB RAM | 128 GB ROM | Expandable Upto 1 TB16.76 cm (6.6 inch) Full HD+ Display64MP + 5MP + 2MP | 8MP Front Camera5000 mAh Lithium-ion BatteryMediaTek Dimensity 700 Processor1 Year Warranty Provided by the Manufacturer from Date of Purchase
"realme Narzo 50 (Speed Black, 128 GB)","₹13,288",6 GB RAM | 128 GB ROM | Expandable Upto 256 GB16.76 cm (6.6 inch) Full HD+ Display50MP + 2MP + 2MP | 16MP Front Camera5000 mAh Lithium Polymer BatteryMediatek Helio G96 Processor1 Year Warranty for Phone and 6 Months Warranty for In-Box Accessories
"SAMSUNG Galaxy A14 5G (Light Green, 128 GB)","₹16,999",6 GB RAM | 128 GB ROM | Expandable Upto 1 TB16.76 cm (6.6 inch) HD+ Display50MP + 2MP | 13MP Front Camera5000 mAh Lithium Ion BatterySEC S5E8535 (Exynos 1330) Processor1 Year Manufacturer Warranty for Device and 6 Months Manufacturer Warranty for In-Box Accessories
"MOTOROLA g52 (Charcoal Grey, 64 GB)","₹17,999",4 GB RAM | 64 GB ROM16.76 cm (6.6 inch) Full HD+ Display50MP + 8MP + 2MP | 16MP Front Camera5000 mAh Lithium BatteryQualcomm Snapdragon 680 Processor1 Year on Handset and 6 Months on Accessories
"REDMI Note 11S (Horizon Blue, 128 GB)","₹16,499",6 GB RAM | 128 GB ROM16.33 cm (6.43 inch) Display108MP Rear Camera5000 mAh Battery1 Year Warranty
"SAMSUNG Galaxy A04s (Black, 64 GB)","₹11,299",4 GB RAM | 64 GB ROM16.51 cm (6.5 inch) HD+ Display50MP + 50MP + 2MP + 2MP | 5MP Front Camera5000 mAh Lithium-ion BatteryExynos Octa Core Processor Processor1 Year Manufacturer Warranty For Device And 6 Months Manufacturer Warranty For In-box Accessories
"REDMI Note 11S (Polar White, 64 GB)","₹12,990",6 GB RAM | 64 GB ROM16.33 cm (6.43 inch) Display108MP Rear Camera5000 mAh Battery1 Year Warranty
"SAMSUNG Galaxy A14 (Black, 64 GB)","₹12,999","4 GB RAM | 64 GB ROM | Expandable Upto 1 TB16.76 cm (6.6 inch) Full HD+ Display50MP + 5MP + 2MP | 13MP Front Camera5000 mAh BatteryExynos 850, Octa Core Processor1 Year Manufacturer Warranty for Device and 6 Months Manufacturer Warranty for In-Box Accessories"
"realme Narzo 60 5G (Mars Orange, 256 GB)","₹20,498",8 GB RAM | 256 GB ROM16.33 cm (6.43 inch) Display64MP Rear Camera5000 mAh BatteryDomestic 1 Year of Device & 6 Months for In-Box Accessories
"Tecno Camon 20 Pro RGBW OIS Rear Camera 6.67 FHD (Serenity Blue, 128 GB)","₹19,879",8 GB RAM | 128 GB ROM | Expandable Upto 1 TB16.94 cm (6.67 inch) Full HD+ Display64MP + 2MP + 2MP | 32MP Front Camera5000 mAh BatteryMediatek Dimensity 8050 Processor1 Year Manufacturer Warranty for Device and 6 Months Manufacturer Warranty for In-Box Accessories
"SAMSUNG Galaxy A23 (Peach, 128 GB)","₹16,499",8 GB RAM | 128 GB ROM | Expandable Upto 1 TB16.76 cm (6.6 inch) Full HD+ Display50MP Rear Camera | 8MP Front Camera5000 mAh Li-Ion BatteryOcta-core(EXYNOS) Processor1 year manufacturer warranty for device and 6 months manufacturer warranty for in-box
"vivo Y100A (Twilight Gold, 128 GB)","₹21,999",8 GB RAM | 128 GB ROM16.21 cm (6.38 inch) Full HD+ Display64MP + 2MP + 2MP | 16MP Front Camera4500 mAh BatterySnapdragon 695 Processor1 Year of Device & 6 Months for Inbox Accessories
"SAMSUNG Galaxy A23 (Blue, 128 GB)","₹16,590",8 GB RAM | 128 GB ROM | Expandable Upto 1 TB16.76 cm (6.6 inch) Full HD+ Display50MP Rear Camera | 8MP Front Camera5000 mAh Li-Ion BatteryOcta-core(EXYNOS) Processor1 year manufacturer warranty for device and 6 months manufacturer warranty for in-box
"SAMSUNG Galaxy F23 5G (Forest Green, 128 GB)","₹18,499",6 GB RAM | 128 GB ROM | Expandable Upto 1 TB16.76 cm (6.6 inch) Full HD+ Display50MP + 8MP + 2MP | 8MP Front Camera5000 mAh Lithium Ion BatteryQualcomm Snapdragon 750G Processor1 Year Warranty Provided by the Manufacturer from Date of Purchase
"POCO X4 Pro 5G (Yellow, 128 GB)","₹19,999","6 GB RAM | 128 GB ROM | Expandable Upto 1 TB16.94 cm (6.67 inch) Full HD+ Super AMOLED Display64MP + 8MP + 2MP | 16MP Front Camera5000 mAh Lithium-ion Polymer BatteryQualcomm Snapdragon 695 5G ProcessorOne Year for Handset, 6 Months for Accessories"
"Nokia G42 5G (So Grey, 256 GB)","₹16,299",8 GB RAM | 256 GB ROM16.66 cm (6.56 inch) Display50MP Rear Camera5000 mAh Battery1 Year warranty
"Infinix Hot 20 5G (Blaster Green, 128 GB)","₹15,321",6 GB RAM | 128 GB ROM | Expandable Upto 1 TB16.76 cm (6.6 inch) Full HD+ Display50MP + AI Lens | 8MP Front Camera5000 mAh Li-ion Polymer BatteryDimensity 810 Processor1 Year on Handset and 6 Months on Accessories
"Tecno Camon 19 Pro (Mondrian, 128 GB)","₹15,290",8 GB RAM | 128 GB ROM | Expandable Upto 512 GB17.27 cm (6.8 inch) Full HD+ Display64MP + 50MP + 2MP | 32MP Front Camera5000 mAh BatteryMediatek MT6781 Helio G96 ProcessorDomestic Warranty of 12 Months on Phone & 6 Months on Accessories
"POCO M4 Pro (Cool Blue, 128 GB)","₹16,499","6 GB RAM | 128 GB ROM | Expandable Upto 1 TB16.33 cm (6.43 inch) Full HD+ AMOLED Display64MP + 8MP + 2MP | 16MP Front Camera5000 mAh Lithium-ion Polymer BatteryMediatek Helio G96 ProcessorOne Year for Handset, 6 Months for Accessories"
"Nokia G42 5G (So Pink, 256 GB)","₹16,299",8 GB RAM | 256 GB ROM16.66 cm (6.56 inch) Display50MP Rear Camera5000 mAh Battery1 Year warranty
"MOTOROLA g73 5G (Lucent White, 128 GB)","₹18,999",8 GB RAM | 128 GB ROM | Expandable Upto 1 TB16.51 cm (6.5 inch) Full HD+ Display50MP + 8MP | 16MP Front Camera5000 mAh BatteryMediatek Dimensity 930 Processor1 Year Manufacturer Warranty for Phone and 6 Months Warranty for In the Box Accessories
"REDMI Note 10S (Cosmic Purple, 128 GB)","₹16,380",6 GB RAM | 128 GB ROM | Expandable Upto 512 GB16.33 cm (6.43 inch) Full HD+ Super AMOLED Display64MP + 8MP + 2MP + 2MP | 13MP Front Camera5000 mAh Lithium-Ploymer BatteryMediatek Helio G95 Processor1 Year Manufacturer Warranty for Phone and 6 Months Warranty for In the Box Accessories
"SAMSUNG GALAXY M13 5G (Aqua Green, 128 GB)","₹14,590",6 GB RAM | 128 GB ROM16.51 cm (6.5 inch) Display50MP Rear Camera5000 mAh Battery12 Months Warranty
"vivo T1 44W (Midnight Galaxy, 128 GB)","₹17,999",8 GB RAM | 128 GB ROM | Expandable Upto 1 TB16.36 cm (6.44 inch) Full HD+ AMOLED Display50MP + 2MP + 2MP | 16MP Front Camera5000 mAh Lithium BatteryQualcomm Snapdragon 680 Processor1 Year Handset and 6 Months Accessories
"REDMI Note 11 Pro (Phantom White, 128 GB)","₹17,649",8 GB RAM | 128 GB ROM16.94 cm (6.67 inch) Display108MP Rear Camera5000 mAh Battery12 Months Warranty
"vivo Y100 5G (Pacific Blue, 128 GB)","₹19,975",8 GB RAM | 128 GB ROM16.21 cm (6.38 inch) Full HD+ AMOLED Display64MP (OIS) + 2MP + 2MP | 16MP Front Camera4500 mAh BatteryMediatek Dimensity 900 Processor1 Year Manufacturer Warranty for Handset and 6 Months Manufacturer Warranty for In-Box Accessories
"vivo Y33T (Mid day dream, 128 GB)","₹17,999",8 GB RAM | 128 GB ROM | Expandable Upto 1 TB16.71 cm (6.58 inch) Full HD+ Display50MP + 2MP + 2MP | 16MP Front Camera5000 mAh Lithium BatteryQualcomm Snapdragon 680 Processor1 Year Manufacturer Warranty for Phone and 6 Months Warranty for In the Box Accessories
"POCO M4 Pro (Yellow, 128 GB)","₹16,499","6 GB RAM | 128 GB ROM | Expandable Upto 1 TB16.33 cm (6.43 inch) Full HD+ AMOLED Display64MP + 8MP + 2MP | 16MP Front Camera5000 mAh Lithium-ion Polymer BatteryMediatek Helio G96 ProcessorOne Year for Handset, 6 Months for Accessories"
"Infinix Zero 5G (Horizon Blue, 128 GB)","₹19,999",8 GB RAM | 128 GB ROM | Expandable Upto 256 GB17.22 cm (6.78 inch) Full HD+ Display48 MP + 13 MP Portrait Lens + 2 MP Bokeh Lens | 16MP Front Camera5000 mAh Li-ion Polymer BatteryMediatek Dimensity 900 Processor1 Year on Handset and 6 Months on Accessories
"Tecno Camon 20 Pro (Dark Welkin, 128 GB)","₹19,949",8 GB RAM | 128 GB ROM | Expandable Upto 1 TB16.94 cm (6.67 inch) Full HD+ Display64MP + 2MP + 2MP | 32MP Front Camera5000 mAh BatteryMediatek Dimensity 8050 Processor1 Year Manufacturer Warranty for Device and 6 Months Manufacturer Warranty for In-Box Accessories
"vivo Y21T (Pearl White, 128 GB)","₹13,688",4 GB RAM | 128 GB ROM | Expandable Upto 1 TB16.71 cm (6.58 inch) Full HD+ Display50MP + 2MP + 2MP | 8MP Front Camera5000 mAh Lithium BatteryQualcomm Snapdragon 680 Processor1 Year for Device & 6 Months for In-box Accessories
"Infinix Hot 20 5G (Space Blue, 128 GB)","₹15,321",6 GB RAM | 128 GB ROM | Expandable Upto 1 TB16.76 cm (6.6 inch) Full HD+ Display50MP + AI Lens | 8MP Front Camera5000 mAh Li-ion Polymer BatteryDimensity 810 Processor1 Year on Handset and 6 Months on Accessories
"POCO M3 Pro 5G (Power Black, 64 GB)","₹11,499","4 GB RAM | 64 GB ROM | Expandable Upto 1 TB16.51 cm (6.5 inch) Full HD+ Display48MP + 2MP + 2MP | 8MP Front Camera5000 mAh Lithium-ion Polymer BatteryMediaTek Dimensity 700 ProcessorMultiple Hands-free Voice AssistantOne Year Warranty for Handset, 6 Months for Accessories"
"SAMSUNG Galaxy A04s (Green, 64 GB)","₹11,999",4 GB RAM | 64 GB ROM16.51 cm (6.5 inch) HD+ Display50MP + 50MP + 2MP + 2MP | 5MP Front Camera5000 mAh Lithium-ion BatteryExynos Octa Core Processor Processor1 Year Manufacturer Warranty For Device And 6 Months Manufacturer Warranty For In-box Accessories
"REDMI Note 11 (Starburst White, 64 GB)","₹11,885",4 GB RAM | 64 GB ROM16.33 cm (6.43 inch) Display50MP Rear Camera5000 mAh Battery1 Year Warranty
"vivo Y100 5G (Twilight Gold, 128 GB)","₹23,999",8 GB RAM | 128 GB ROM16.21 cm (6.38 inch) Full HD+ AMOLED Display64MP (OIS) + 2MP + 2MP | 16MP Front Camera4500 mAh BatteryMediatek Dimensity 900 Processor1 Year Manufacturer Warranty for Handset and 6 Months Manufacturer Warranty for In-Box Accessories
"vivo Y21A (Diamond Glow, 64 GB)","₹12,485",4 GB RAM | 64 GB ROM16.54 cm (6.51 inch) Display13MP Rear Camera5000 mAh Battery1 Year for Handset and 6 Months for Inbox Accessories
"REDMI Note 11S (Space Black, 64 GB)","₹13,499",6 GB RAM | 64 GB ROM16.33 cm (6.43 inch) Display108MP Rear Camera5000 mAh Battery1 Year Manufacturer Warranty for Handset and 6 Months Warranty for In the Box Accessories
"POCO X3 (Cobalt Blue, 64 GB)","₹19,999",6 GB RAM | 64 GB ROM | Expandable Upto 512 GB16.94 cm (6.67 inch) Full HD+ Display64MP + 13MP + 2MP + 2MP | 20MP Front Camera6000 mAh Lithium-ion Polymer BatteryQualcomm Snapdragon 732G Processor1 Year for Handset and 6 Months for Accessories
"REDMI Note 12 5G (Mystique Blue, 128 GB)","₹15,499",4 GB RAM | 128 GB ROM | Expandable Upto 1 TB16.94 cm (6.67 inch) Full HD+ AMOLED Display48MP + 8MP + 2MP | 13MP Front Camera5000 mAh BatteryQualcomm Snapdragon 4 Gen 1 Processor1 Year Manufacturer Warranty for Phone and 6 Months Warranty for In the Box Accessories
"Tecno Camon 20 4G with FHD + Big AMOLED Display (Art Edition, 256 GB)","₹13,990",8 GB RAM | 256 GB ROM | Expandable Upto 1 TB16.94 cm (6.67 inch) Full HD+ Display64MP + 2MP | 32MP Front Camera5000 mAh BatteryMediatek MT6769Z Helio G85 Processor1 Year Manufacturer Warranty for Device and 6 Months Manufacturer Warranty for In-Box Accessories
"vivo Y27 (Sea Blue, 128 GB)","₹12,999",6 GB RAM | 128 GB ROM16.87 cm (6.64 inch) Full HD+ Display50MP + 2MP | 8MP Front Camera5000 mAh BatteryHelio G85 Processor1 Year Manufacturer Warranty for Phone and 6 Months Warranty for In the Box Accessories
